INSERT INTO user_grade(id, discount, grade_step, grade_name, rank_up) VALUES (1,0,1,'BRONZE',0),(2,5,2,'SLIVER',100000),
                              (3,10,3,'GOLD',500000),(4,15,4,'VIP',1000000),(5,20,5,'SVIP',3000000);

INSERT INTO category_b(id, cate_b_nm) VALUES (1,'악세서리'),(2,'가방'),(3,'옷'),(4,'안경'),(5,'쥬얼리'),(6,'신발'),(7,'시계'),(8,'지갑');

INSERT INTO category_m(id, cate_b_id, cate_m_nm)VALUES (1,1,'귀걸이'),(2,1,'넥타이'),(3,1,'라이터'),(4,1,'모자'),(5,1,'머플러'),(6,1,'목걸이'),
                                                       (7,1,'반지'),(8,1,'벨트'),(9,1,'볼펜'),(10,1,'브로치'),(11,1,'스카프'),(12,1,'스카프링'),
                                                       (13,1,'장갑'),(14,1,'장갑'),(15,1,'키링'),(16,1,'팔찌'),(17,1,'헤어밴드'),(18,1,'기타'),
                                                       (19,2,'백팩'),(20,2,'서류가방'),(21,2,'세컨백'),(22,2,'숄더백'),(23,2,'여행가방'),
                                                       (24,2,'크로스백'),(25,2,'토트백'),(26,2,'파우치'),(27,2,'힙색'),(28,2,'클러치'),(29,2,'기타'),
                                                       (30,3,'긴팔'),(31,3,'반팔'),(32,3,'민소매'),(33,3,'베스트'),(34,3,'바지'),(35,3,'데님바지'),
                                                       (36,3,'반바지'),(37,3,'스커트'),(38,3,'가디건'),(39,3,'자켓'),(40,3,'점퍼'),(41,3,'코트'),
                                                       (42,3,'트렌치코트'),(43,3,'원피스'),(44,3,'투피스'),(45,3,'정장'),(46,3,'트윈세트'),
                                                       (47,3,'수영복'),(48,3,'기타'),(49,4,'선글라스'),(50,4,'안경'),(51,5,'귀걸이'),(52,5,'목걸이'),
                                                       (53,5,'반지'),(54,5,'팔찌'),(55,5,'브로치'),(56,5,'펜던트'),(57,5,'세트상품'),(58,5,'기타'),
                                                       (59,6,'구두'),(60,6,'로퍼'),(61,6,'뮬'),(62,6,'부츠'),(63,6,'샌들'),(64,6,'슈즈'),
                                                       (65,6,'스니커즈'),(66,6,'슬리퍼'),(67,6,'슬링백'),(68,6,'플랫슈즈'),(69,6,'기타'),
                                                       (70,7,'시계'),(71,7,'시계밴드'),(72,8,'다이어리'),(73,8,'동전지갑'),(74,8,'카드/명함지갑'),
                                                       (75,8,'반지갑'),(76,8,'장지갑'),(77,8,'중지갑'),(78,8,'키지갑'),(79,8,'기타');

INSERT INTO lux.brand
(id, brand_name)
VALUES(1, '가니');
INSERT INTO lux.brand
(id, brand_name)
VALUES(2, '가브리엘 허스트');
INSERT INTO lux.brand
(id, brand_name)
VALUES(3, '겐조');
INSERT INTO lux.brand
(id, brand_name)
VALUES(4, '고야드');
INSERT INTO lux.brand
(id, brand_name)
VALUES(5, '골든구스');
INSERT INTO lux.brand
(id, brand_name)
VALUES(6, '구찌');
INSERT INTO lux.brand
(id, brand_name)
VALUES(7, '그라함');
INSERT INTO lux.brand
(id, brand_name)
VALUES(8, '그렌슨');
INSERT INTO lux.brand
(id, brand_name)
VALUES(9, '글라슈테 오리지널');
INSERT INTO lux.brand
(id, brand_name)
VALUES(10, '기타');
INSERT INTO lux.brand
(id, brand_name)
VALUES(11, '까르띠에');
INSERT INTO lux.brand
(id, brand_name)
VALUES(12, '까르벵');
INSERT INTO lux.brand
(id, brand_name)
VALUES(13, '까사렐');
INSERT INTO lux.brand
(id, brand_name)
VALUES(14, '까스텔바작');
INSERT INTO lux.brand
(id, brand_name)
VALUES(15, '꼼데가르송');
INSERT INTO lux.brand
(id, brand_name)
VALUES(16, '끌로엦');
INSERT INTO lux.brand
(id, brand_name)
VALUES(17, '넘버21');
INSERT INTO lux.brand
(id, brand_name)
VALUES(18, '노비스');
INSERT INTO lux.brand
(id, brand_name)
VALUES(19, '닐바렛');
INSERT INTO lux.brand
(id, brand_name)
VALUES(20, '다미아니');
INSERT INTO lux.brand
(id, brand_name)
VALUES(21, '다사끼');
INSERT INTO lux.brand
(id, brand_name)
VALUES(22, '더 로우');
INSERT INTO lux.brand
(id, brand_name)
VALUES(23, '델보');
INSERT INTO lux.brand
(id, brand_name)
VALUES(24, '돌체앤가바나');
INSERT INTO lux.brand
(id, brand_name)
VALUES(25, '드리스반노튼');
INSERT INTO lux.brand
(id, brand_name)
VALUES(26, '디스퀘어드2');
INSERT INTO lux.brand
(id, brand_name)
VALUES(27, '디올옴므');
INSERT INTO lux.brand
(id, brand_name)
VALUES(28, '디케이엔와이');
INSERT INTO lux.brand
(id, brand_name)
VALUES(29, '띠어리');
INSERT INTO lux.brand
(id, brand_name)
VALUES(30, '라프 시몬스');
INSERT INTO lux.brand
(id, brand_name)
VALUES(31, '랄프로렌');
INSERT INTO lux.brand
(id, brand_name)
VALUES(32, '랑방');
INSERT INTO lux.brand
(id, brand_name)
VALUES(33, '랑에 운트 죄네');
INSERT INTO lux.brand
(id, brand_name)
VALUES(34, '랙앤본');
INSERT INTO lux.brand
(id, brand_name)
VALUES(35, '레베카 테일러');
INSERT INTO lux.brand
(id, brand_name)
VALUES(36, '롤렉스');
INSERT INTO lux.brand
(id, brand_name)
VALUES(37, '로로피아나');
INSERT INTO lux.brand
(id, brand_name)
VALUES(38, '로베르토카발리');
INSERT INTO lux.brand
(id, brand_name)
VALUES(39, '로샤스');
INSERT INTO lux.brand
(id, brand_name)
VALUES(40, '로에베');
INSERT INTO lux.brand
(id, brand_name)
VALUES(41, '로저드뷔');
INSERT INTO lux.brand
(id, brand_name)
VALUES(42, '로저비비에');
INSERT INTO lux.brand
(id, brand_name)
VALUES(43, '로하스');
INSERT INTO lux.brand
(id, brand_name)
VALUES(44, '론진');
INSERT INTO lux.brand
(id, brand_name)
VALUES(45, '루엘라');
INSERT INTO lux.brand
(id, brand_name)
VALUES(46, '루이비통');
INSERT INTO lux.brand
(id, brand_name)
VALUES(47, '르메르');
INSERT INTO lux.brand
(id, brand_name)
VALUES(48, '리모와');
INSERT INTO lux.brand
(id, brand_name)
VALUES(49, '리차드밀');
INSERT INTO lux.brand
(id, brand_name)
VALUES(50, '릭오웬');
INSERT INTO lux.brand
(id, brand_name)
VALUES(51, '마가렛호웰');
INSERT INTO lux.brand
(id, brand_name)
VALUES(52, '마놀로블라닉');
INSERT INTO lux.brand
(id, brand_name)
VALUES(53, '마누슈');
INSERT INTO lux.brand
(id, brand_name)
VALUES(54, '마르니');
INSERT INTO lux.brand
(id, brand_name)
VALUES(55, '마르셀로불론');
INSERT INTO lux.brand
(id, brand_name)
VALUES(56, '마이클코어스');
INSERT INTO lux.brand
(id, brand_name)
VALUES(57, '마쥬');
INSERT INTO lux.brand
(id, brand_name)
VALUES(58, '마크 바이 마크 제이콥스');
INSERT INTO lux.brand
(id, brand_name)
VALUES(59, '마크 제이콥스');
INSERT INTO lux.brand
(id, brand_name)
VALUES(60, '마틴 마르지엘라');
INSERT INTO lux.brand
(id, brand_name)
VALUES(61, '막스마라');
INSERT INTO lux.brand
(id, brand_name)
VALUES(62, '말로');
INSERT INTO lux.brand
(id, brand_name)
VALUES(63, '맥케이지');
INSERT INTO lux.brand
(id, brand_name)
VALUES(64, '맥킨토시');
INSERT INTO lux.brand
(id, brand_name)
VALUES(65, '멀버리');
INSERT INTO lux.brand
(id, brand_name)
VALUES(66, '메종 마르지엘라');
INSERT INTO lux.brand
(id, brand_name)
VALUES(67, '메종키츠네');
INSERT INTO lux.brand
(id, brand_name)
VALUES(68, '모리스 라크로와');
INSERT INTO lux.brand
(id, brand_name)
VALUES(69, '모스키노');
INSERT INTO lux.brand
(id, brand_name)
VALUES(70, '모이나');
INSERT INTO lux.brand
(id, brand_name)
VALUES(71, '몽블랑');
INSERT INTO lux.brand
(id, brand_name)
VALUES(72, '몽클레르');
INSERT INTO lux.brand
(id, brand_name)
VALUES(73, '무스너클');
INSERT INTO lux.brand
(id, brand_name)
VALUES(74, '미스터 앤 미세스 퍼');
INSERT INTO lux.brand
(id, brand_name)
VALUES(75, '미우미우');
INSERT INTO lux.brand
(id, brand_name)
VALUES(76, '미하라야스히로');
INSERT INTO lux.brand
(id, brand_name)
VALUES(77, '바네사브루노');
INSERT INTO lux.brand
(id, brand_name)
VALUES(78, '바버');
INSERT INTO lux.brand
(id, brand_name)
VALUES(79, '바쉐론 콘스탄틴');
INSERT INTO lux.brand
(id, brand_name)
VALUES(80, '반클립앤아펠');
INSERT INTO lux.brand
(id, brand_name)
VALUES(81, '발렉스트라');
INSERT INTO lux.brand
(id, brand_name)
VALUES(82, '발렌시아가');
INSERT INTO lux.brand
(id, brand_name)
VALUES(83, '발렌티노');
INSERT INTO lux.brand
(id, brand_name)
VALUES(84, '발리');
INSERT INTO lux.brand
(id, brand_name)
VALUES(85, '발망');
INSERT INTO lux.brand
(id, brand_name)
VALUES(86, '버버리');
INSERT INTO lux.brand
(id, brand_name)
VALUES(87, '베르사체');
INSERT INTO lux.brand
(id, brand_name)
VALUES(88, '베트멍');
INSERT INTO lux.brand
(id, brand_name)
VALUES(89, '벨루티');
INSERT INTO lux.brand
(id, brand_name)
VALUES(90, '벨스타프');
INSERT INTO lux.brand
(id, brand_name)
VALUES(91, '벨앤로스');
INSERT INTO lux.brand
(id, brand_name)
VALUES(92, '보스');
INSERT INTO lux.brand
(id, brand_name)
VALUES(93, '보테가 베네타');
INSERT INTO lux.brand
(id, brand_name)
VALUES(94, '부쉐론');
INSERT INTO lux.brand
(id, brand_name)
VALUES(95, '불가리');
INSERT INTO lux.brand
(id, brand_name)
VALUES(96, '브라이틀링');
INSERT INTO lux.brand
(id, brand_name)
VALUES(97, '브레게');
INSERT INTO lux.brand
(id, brand_name)
VALUES(98, '브루넬로 쿠치넬리');
INSERT INTO lux.brand
(id, brand_name)
VALUES(99, '블랑팡');
INSERT INTO lux.brand
(id, brand_name)
VALUES(100, '블루마린');
INSERT INTO lux.brand
(id, brand_name)
VALUES(101, '블루컬트');
INSERT INTO lux.brand
(id, brand_name)
VALUES(102, '비비안 웨스트우드');
INSERT INTO lux.brand
(id, brand_name)
VALUES(103, '비즈빔');
INSERT INTO lux.brand
(id, brand_name)
VALUES(104, '빅터앤롤프');

INSERT INTO lux.user_account
(id, created_at, created_by, modified_at, modified_by, age, gender, memo, phone_number, `role`, user_email, user_name, user_password, user_point, user_grade)
VALUES(1, '2022-11-18 12:49:47.949772', 'SYSTEM', '2023-10-06 09:39:38.101926', 'SYSTEM', 25, 'MALE', 'TEST USER', '010-1234-5678', 'USER', 'qwer1234@naver.com', '다람쥐', '$2a$10$Cd4xXlpbYzq6zVvxBuFJZ.QNxADDn4u7/Q4.sICp39h42.nj/YUGi', 27000000, 4);
INSERT INTO lux.user_account
(id, created_at, created_by, modified_at, modified_by, age, gender, memo, phone_number, `role`, user_email, user_name, user_password, user_point, user_grade)
VALUES(2, '2022-11-18 14:14:01.213608', 'SYSTEM', '2022-11-21 17:55:58.143390', 'SYSTEM', 26, 'MALE', 'TEST USER', '010-2345-6789', 'ADMIN', 'asdf1234@naver.com', 'Admin다람쥐쥐', '$2a$10$y28559SHwV0M.zpp9bEWbu.mygAsnr.DVbNPGxeXif//osUNlA5U2', 50000, 1);
INSERT INTO lux.user_account
(id, created_at, created_by, modified_at, modified_by, age, gender, memo, phone_number, `role`, user_email, user_name, user_password, user_point, user_grade)
VALUES(3, '2023-10-06 09:38:14.565756', 'SYSTEM', '2023-10-06 09:39:38.087105', 'SYSTEM', 24, 'male', 'TEST USER', '010-4538-5687', 'USER', 'zxcv1234@naver.com', '개발자의삶', '$2a$10$HmCgohQWpkLUOabBBuqmPOsaIQPPwks3GTookm0E3594.Y827jG4C', 3500000, 1);

INSERT INTO lux.user_account_log
(id, created_at, created_by, modified_at, modified_by, order_id, `point`, sale_number, usage_detail, user_id, user_grade)
VALUES(1, '2023-10-05 10:21:08.001151', 'SYSTEM', '2023-10-05 10:21:08.001151', 'SYSTEM', NULL, 1000000, '-', '충전', 1, 4);
INSERT INTO lux.user_account_log
(id, created_at, created_by, modified_at, modified_by, order_id, `point`, sale_number, usage_detail, user_id, user_grade)
VALUES(2, '2023-10-05 10:21:08.001151', 'SYSTEM', '2023-10-05 10:21:08.001151', 'SYSTEM', NULL, 50000, '-', '충전', 2, 1);
INSERT INTO lux.user_account_log
(id, created_at, created_by, modified_at, modified_by, order_id, `point`, sale_number, usage_detail, user_id, user_grade)
VALUES(3, '2023-10-05 15:18:24.743040', 'SYSTEM', '2023-10-05 15:18:24.743040', 'SYSTEM', NULL, 26000000, '-', '충전', 1, 4);
INSERT INTO lux.user_account_log
(id, created_at, created_by, modified_at, modified_by, order_id, `point`, sale_number, usage_detail, user_id, user_grade)
VALUES(4, '2023-10-05 15:18:38.904025', 'SYSTEM', '2023-10-05 15:18:38.904025', 'SYSTEM', 1, 26000000, '경매/1', '차감', 1, 4);
INSERT INTO lux.user_account_log
(id, created_at, created_by, modified_at, modified_by, order_id, `point`, sale_number, usage_detail, user_id, user_grade)
VALUES(5, '2023-10-06 09:39:06.067453', 'SYSTEM', '2023-10-06 09:39:06.067453', 'SYSTEM', NULL, 30000000, '-', '충전', 3, 1);
INSERT INTO lux.user_account_log
(id, created_at, created_by, modified_at, modified_by, order_id, `point`, sale_number, usage_detail, user_id, user_grade)
VALUES(6, '2023-10-06 09:39:38.092928', 'SYSTEM', '2023-10-06 09:39:38.092928', 'SYSTEM', 1, 26500000, '경매/1', '차감', 3, 1);
INSERT INTO lux.user_account_log
(id, created_at, created_by, modified_at, modified_by, order_id, `point`, sale_number, usage_detail, user_id, user_grade)
VALUES(7, '2023-10-06 09:39:38.106955', 'SYSTEM', '2023-10-06 09:39:38.106955', 'SYSTEM', 1, 26000000, '경매/1', '충전', 1, 4);

INSERT INTO lux.appraisal
(id, created_at, created_by, modified_at, modified_by, app_color, app_gender, app_prod_nm, app_result_id, app_size, app_state, app_brand_id, user_account_id)
VALUES(1, '2023-09-21 13:32:20.644660', 'SYSTEM', '2023-09-26 13:21:02.779323', 'SYSTEM', '화이트골드', 'FEMALE', '로렉스 69174 18K 화이트골드 블루판 스틸 데이져스트 10P 다이아', 1, '없음', 'REGISTER', 36, 1);
INSERT INTO lux.appraisal
(id, created_at, created_by, modified_at, modified_by, app_color, app_gender, app_prod_nm, app_result_id, app_size, app_state, app_brand_id, user_account_id)
VALUES(2, '2023-10-04 15:33:17.421741', 'SYSTEM', '2023-10-04 15:39:25.115187', 'SYSTEM', '화이트골드', 'FEMALE', '까르띠에 베누아 다이아 골드 시계', 2, '약23*32㎜', 'SELL', 11, 1);

INSERT INTO lux.appraisal_image
(id, created_at, created_by, modified_at, modified_by, file_path, file_size, orig_file_name, appraisal_id)
VALUES(1, '2023-09-21 13:32:20.686633', 'SYSTEM', '2023-09-21 13:32:20.686633', 'SYSTEM', '/filepath/appraisal_img/20230921/672664663996600.jpg', 13002, 'Rorex1.jpg', 1);
INSERT INTO lux.appraisal_image
(id, created_at, created_by, modified_at, modified_by, file_path, file_size, orig_file_name, appraisal_id)
VALUES(2, '2023-09-21 13:32:20.689637', 'SYSTEM', '2023-09-21 13:32:20.689637', 'SYSTEM', '/filepath/appraisal_img/20230921/672664666638400.jpg', 20261, 'Rorex2.jpg', 1);
INSERT INTO lux.appraisal_image
(id, created_at, created_by, modified_at, modified_by, file_path, file_size, orig_file_name, appraisal_id)
VALUES(3, '2023-09-21 13:32:20.691669', 'SYSTEM', '2023-09-21 13:32:20.691669', 'SYSTEM', '/filepath/appraisal_img/20230921/672664667157400.jpg', 18152, 'Rorex3.jpg', 1);
INSERT INTO lux.appraisal_image
(id, created_at, created_by, modified_at, modified_by, file_path, file_size, orig_file_name, appraisal_id)
VALUES(4, '2023-09-21 13:32:20.693635', 'SYSTEM', '2023-09-21 13:32:20.693635', 'SYSTEM', '/filepath/appraisal_img/20230921/672664667924600.jpg', 15824, 'Rorex4.jpg', 1);
INSERT INTO lux.appraisal_image
(id, created_at, created_by, modified_at, modified_by, file_path, file_size, orig_file_name, appraisal_id)
VALUES(5, '2023-09-21 13:32:20.695671', 'SYSTEM', '2023-09-21 13:32:20.695671', 'SYSTEM', '/filepath/appraisal_img/20230921/672664668494900.jpg', 20261, 'Rorex5.jpg', 1);
INSERT INTO lux.appraisal_image
(id, created_at, created_by, modified_at, modified_by, file_path, file_size, orig_file_name, appraisal_id)
VALUES(6, '2023-10-04 15:33:17.450715', 'SYSTEM', '2023-10-04 15:33:17.450715', 'SYSTEM', '/filepath/appraisal_img/20231004/1803128228827300.jpg', 24170, 'Cartier1.jpg', 2);
INSERT INTO lux.appraisal_image
(id, created_at, created_by, modified_at, modified_by, file_path, file_size, orig_file_name, appraisal_id)
VALUES(7, '2023-10-04 15:33:17.452715', 'SYSTEM', '2023-10-04 15:33:17.452715', 'SYSTEM', '/filepath/appraisal_img/20231004/1803128230870000.jpg', 18020, 'Cartier2.jpg', 2);
INSERT INTO lux.appraisal_image
(id, created_at, created_by, modified_at, modified_by, file_path, file_size, orig_file_name, appraisal_id)
VALUES(8, '2023-10-04 15:33:17.453714', 'SYSTEM', '2023-10-04 15:33:17.453714', 'SYSTEM', '/filepath/appraisal_img/20231004/1803128231392400.jpg', 16070, 'Cartier3.jpg', 2);
INSERT INTO lux.appraisal_image
(id, created_at, created_by, modified_at, modified_by, file_path, file_size, orig_file_name, appraisal_id)
VALUES(9, '2023-10-04 15:33:17.455718', 'SYSTEM', '2023-10-04 15:33:17.455718', 'SYSTEM', '/filepath/appraisal_img/20231004/1803128232141100.jpg', 16638, 'Cartier4.jpg', 2);
INSERT INTO lux.appraisal_image
(id, created_at, created_by, modified_at, modified_by, file_path, file_size, orig_file_name, appraisal_id)
VALUES(10, '2023-10-04 15:33:17.456715', 'SYSTEM', '2023-10-04 15:33:17.456715', 'SYSTEM', '/filepath/appraisal_img/20231004/1803128232666600.jpg', 15982, 'Cartier5.jpg', 2);
INSERT INTO lux.appraisal_image
(id, created_at, created_by, modified_at, modified_by, file_path, file_size, orig_file_name, appraisal_id)
VALUES(11, '2023-10-04 15:33:17.458743', 'SYSTEM', '2023-10-04 15:33:17.458743', 'SYSTEM', '/filepath/appraisal_img/20231004/1803128233303400.jpg', 12944, 'Cartier6.jpg', 2);
INSERT INTO lux.appraisal_image
(id, created_at, created_by, modified_at, modified_by, file_path, file_size, orig_file_name, appraisal_id)
VALUES(12, '2023-10-04 15:33:17.460718', 'SYSTEM', '2023-10-04 15:33:17.460718', 'SYSTEM', '/filepath/appraisal_img/20231004/1803128233834300.jpg', 7316, 'Cartier7.jpg', 2);

INSERT INTO lux.appraisal_result
(id, created_at, created_by, modified_at, modified_by, app_comment, app_grade, app_price)
VALUES(1, '2023-09-22 10:29:06.087539', 'SYSTEM', '2023-09-22 10:29:06.087539', 'SYSTEM', '매입', 'A', 500000);
INSERT INTO lux.appraisal_result
(id, created_at, created_by, modified_at, modified_by, app_comment, app_grade, app_price)
VALUES(2, '2023-10-04 15:39:05.494766', 'SYSTEM', '2023-10-04 15:39:05.494766', 'SYSTEM', '매입할게요~!!!', 'S', 26000000);

INSERT INTO lux.product
(id, created_at, created_by, modified_at, modified_by, prod_color, prod_content, prod_gender, prod_grade, prod_nm, prod_price, prod_size, prod_state, prod_view_cnt, cate_b_id, cate_m_id, prod_brand, prod_sell_type)
VALUES(1, '2023-09-26 13:15:14.621925', 'SYSTEM', '2023-09-26 13:15:14.621925', 'SYSTEM', '화이트골드', '상태 최상~!!!', 'FEMALE', 'A', '로렉스 69174 18K 화이트골드 블루판 스틸 데이져스트 10P 다이아', 500000, '없음', 'SELL', 0, 7, 70, 36, 'USED');
INSERT INTO lux.product
(id, created_at, created_by, modified_at, modified_by, prod_color, prod_content, prod_gender, prod_grade, prod_nm, prod_price, prod_sell_type, prod_size, prod_state, prod_view_cnt, cate_b_id, cate_m_id, prod_brand)
VALUES(2, '2023-10-04 16:43:27.696363', 'SYSTEM', '2023-10-04 16:43:27.696363', 'SYSTEM', '화이트골드', '좋은 시계입니다~!!!!', 'FEMALE', 'S', '까르띠에 베누아 다이아 골드 시계', 26000000, 'AUCTION', '약23*32㎜', 'WAITING', 0, 7, 70, 11);

INSERT INTO lux.image
(id, created_at, created_by, modified_at, modified_by, file_path, file_size, orig_file_name, product_id)
VALUES(1, '2023-09-26 13:15:14.665925', 'SYSTEM', '2023-09-26 13:15:14.665925', 'SYSTEM', '/filepath/product_img/20230926/1103640392388599.jpg', 20261, 'Rorex5.jpg', 1);
INSERT INTO lux.image
(id, created_at, created_by, modified_at, modified_by, file_path, file_size, orig_file_name, product_id)
VALUES(2, '2023-09-26 13:15:14.670929', 'SYSTEM', '2023-09-26 13:15:14.670929', 'SYSTEM', '/filepath/product_img/20230926/1103640395578200.jpg', 15824, 'Rorex4.jpg', 1);
INSERT INTO lux.image
(id, created_at, created_by, modified_at, modified_by, file_path, file_size, orig_file_name, product_id)
VALUES(3, '2023-09-26 13:15:14.672925', 'SYSTEM', '2023-09-26 13:15:14.672925', 'SYSTEM', '/filepath/product_img/20230926/1103640396127800.jpg', 18152, 'Rorex3.jpg', 1);
INSERT INTO lux.image
(id, created_at, created_by, modified_at, modified_by, file_path, file_size, orig_file_name, product_id)
VALUES(4, '2023-09-26 13:15:14.675926', 'SYSTEM', '2023-09-26 13:15:14.675926', 'SYSTEM', '/filepath/product_img/20230926/1103640396874200.jpg', 20261, 'Rorex2.jpg', 1);
INSERT INTO lux.image
(id, created_at, created_by, modified_at, modified_by, file_path, file_size, orig_file_name, product_id)
VALUES(5, '2023-09-26 13:15:14.678929', 'SYSTEM', '2023-09-26 13:15:14.678929', 'SYSTEM', '/filepath/product_img/20230926/1103640397414699.jpg', 13002, 'Rorex1.jpg', 1);
INSERT INTO lux.image
(id, created_at, created_by, modified_at, modified_by, file_path, file_size, orig_file_name, product_id)
VALUES(6, '2023-10-04 16:43:27.740601', 'SYSTEM', '2023-10-04 16:43:27.740601', 'SYSTEM', '/filepath/product_img/20231004/1807338507844000.jpg', 24170, 'Cartier1.jpg', 2);
INSERT INTO lux.image
(id, created_at, created_by, modified_at, modified_by, file_path, file_size, orig_file_name, product_id)
VALUES(7, '2023-10-04 16:43:27.743601', 'SYSTEM', '2023-10-04 16:43:27.743601', 'SYSTEM', '/filepath/product_img/20231004/1807338509982700.jpg', 18020, 'Cartier2.jpg', 2);
INSERT INTO lux.image
(id, created_at, created_by, modified_at, modified_by, file_path, file_size, orig_file_name, product_id)
VALUES(8, '2023-10-04 16:43:27.745601', 'SYSTEM', '2023-10-04 16:43:27.745601', 'SYSTEM', '/filepath/product_img/20231004/1807338510757200.jpg', 16070, 'Cartier3.jpg', 2);
INSERT INTO lux.image
(id, created_at, created_by, modified_at, modified_by, file_path, file_size, orig_file_name, product_id)
VALUES(9, '2023-10-04 16:43:27.746600', 'SYSTEM', '2023-10-04 16:43:27.746600', 'SYSTEM', '/filepath/product_img/20231004/1807338511566000.jpg', 16638, 'Cartier4.jpg', 2);
INSERT INTO lux.image
(id, created_at, created_by, modified_at, modified_by, file_path, file_size, orig_file_name, product_id)
VALUES(10, '2023-10-04 16:43:27.748601', 'SYSTEM', '2023-10-04 16:43:27.748601', 'SYSTEM', '/filepath/product_img/20231004/1807338512246000.jpg', 15982, 'Cartier5.jpg', 2);
INSERT INTO lux.image
(id, created_at, created_by, modified_at, modified_by, file_path, file_size, orig_file_name, product_id)
VALUES(11, '2023-10-04 16:43:27.750600', 'SYSTEM', '2023-10-04 16:43:27.750600', 'SYSTEM', '/filepath/product_img/20231004/1807338512974700.jpg', 12944, 'Cartier6.jpg', 2);
INSERT INTO lux.image
(id, created_at, created_by, modified_at, modified_by, file_path, file_size, orig_file_name, product_id)
VALUES(12, '2023-10-04 16:43:27.752600', 'SYSTEM', '2023-10-04 16:43:27.752600', 'SYSTEM', '/filepath/product_img/20231004/1807338513740400.jpg', 7316, 'Cartier7.jpg', 2);

INSERT INTO lux.auction
(id, created_at, created_by, modified_at, modified_by, auc_end_date, auc_start_date, auc_state, bidding_cnt, end_price, present_price, start_price, user_id, prod_id)
VALUES(1, '2023-10-04 16:43:27.763599', 'SYSTEM', '2023-10-06 09:39:38.122739', 'SYSTEM', '2023-10-06 20:00:00', '2023-10-04 20:00:00', 'SELL', 2, 0, 26500000, 25000000, 3, 2);

INSERT INTO lux.auction_log
(id, created_at, created_by, modified_at, modified_by, auc_id, present_price, prod_nm, user_id)
VALUES(1, '2023-10-06 09:30:52.030554', 'SYSTEM', '2023-10-06 09:30:52.030554', 'SYSTEM', 1, 26000000, '까르띠에 베누아 다이아 골드 시계', 1);
INSERT INTO lux.auction_log
(id, created_at, created_by, modified_at, modified_by, auc_id, present_price, prod_nm, user_id)
VALUES(2, '2023-10-06 09:39:38.134017', 'SYSTEM', '2023-10-06 09:39:38.134017', 'SYSTEM', 1, 26500000, '까르띠에 베누아 다이아 골드 시계', 3);

